"gid","gname"
"1","1-May"
"2","14 K Triad"
"3","15-May"
"4","15th of September Liberation Legion"
"5","16 January Organization for the Liberation of Tripoli"
"6","1920 Revolution Brigades"
"7","19th of July Christian Resistance Brigade"
"8","20 December Movement (M-20)"
"9","23rd of September Communist League"
"10","28 May Armenian Organization"
"11","28th of December Group"
"12","2nd of June Movement"
"13","31 January People's Front (FP-31)"
"14","313 Brigade (Syria)"
"15","7 April Libyan Organization"
"16","9-Feb"
"17","A Resistance Group"
"18","A'chik Matgrik Elite Force (AMEF)"
"19","Aba Cheali Group"
"20","Abbala extremists"
"21","Abd al-Krim Commandos"
"22","Abdullah Azzam Brigades"
"23","Abida Tribe"
"24","Abkhazian guerrillas"
"25","Abkhazian Separatists"
"26","Abstentionist Brigades"
"27","Abu Amarah Battalion"
"28","Abu Jaafar al-Mansur Brigades"
"29","Abu Nidal Organization (ANO)"
"30","Abu Sayyaf Group (ASG)"
"31","Abu Tira (Central Reserve Forces)"
"32","Aceh Singkil Islamic Care Youth Students Association (PPI)"
"33","Achik Matgrik Army (AMA)"
"34","Achik National Cooperative Army (ANCA)"
"35","Achik National Volunteer Council (ANVC)"
"36","Achik National Volunteer Council-B (ANVC-B)"
"37","Achik Songna An'pachakgipa Kotok (ASAK)"
"38","Achik Tiger Force"
"39","Actiefront Nationalistisch Nederland"
"40","Action Cell Haukur Hilmarsson"
"41","Action Directe"
"42","Action Group for the Destruction of the Police State"
"43","Action Squad"
"44","Adan Abyan Islamic Army (AAIA)"
"45","Adan-Abyan Province of the Islamic State"
"46","Adivasi National Liberation Army (ANLA)"
"47","Adivasi People's Army (APA)"
"48","Afar Revolutionary Democratic Unity Front"
"49","Afghan Guerrillas"
"50","Afghan Mujahideen"
"51","Afghan Rebels"
"52","Afghan War Veterans"
"53","Afghans"
"54","African National Congress (South Africa)"
"55","African-American extremists"
"56","Afrikaner Resistance Movement (AWB)"
"57","Afrin Falcons"
"58","AGEL"
"59","Agwelek Forces"
"60","Ahfad al-Sahaba-Aknaf Bayt al-Maqdis"
"61","Ahle Sunnat Wal Jamaat (ASWJ-Pakistan)"
"62","Ahlu-sunah Wal-jamea (Somalia)"
"63","Ahmad Jibril"
"64","Ahneish Militia"
"65","Ahrar Al-Jalil (Free People of the Galilee)"
"66","Ahrar al-Sham"
"67","Aidid Militia"
"68","Aisha Umm-al Mouemeneen (Brigades of Aisha)"
"69","Aitarak Militia"
"70","Ajnad al-Sham"
"71","Ajnad Misr"
"72","Akhil Terai Mukti Morcha (ATMM)"
"73","Al Bayda Province of the Islamic State"
"74","Al-Adl Wal Ihsane"
"75","Al-Ahwaz Arab People's Democratic Front"
"76","Al-Aqsa Martyrs Brigade"
"77","Al-Arifeen"
"78","Al-Ashtar Brigades"
"79","Al-Badr"
"80","Al-Borkan Liberation Organization"
"81","Al-Faran"
"82","Al-Fatah"
"83","Al-Furqan (Tunisia)"
"84","Al-Furqan Brigades"
"85","Al-Gama'at al-Islamiyya (IG)"
"86","Al-Hadid"
"87","Al-Hamas Mujahideen"
"88","Al-Haramayn Brigades"
"89","Al-Intiqami al-Pakistani"
"90","Al-Islah Party"
"91","Al-Ittihaad al-Islami (AIAI)"
"92","Al-Jehad"
"93","Al-Jihad (Pakistan)"
"94","Al-Khobar"
"95","Al-Ma'unah"
"96","Al-Madina"
"97","Al-Mansoorian"
"98","Al-Mua'qi'oon Biddam Brigade (Those who Sign with Blood)"
"99","Al-Mujahedin Brigades (Palestine)"
"100","Al-Naqshabandiya Army"
"101","Al-Nasireen Group"
"102","Al-Nasirin (India)"
"103","Al-Nawaz"
"104","Al-Nusrah Front"
"105","Al-Qaida"
"106","Al-Qaida in Iraq"
"107","Al-Qaida in Saudi Arabia"
"108","Al-Qaida in the Arabian Peninsula (AQAP)"
"109","Al-Qaida in the Indian Subcontinent"
"110","Al-Qaida in the Islamic Maghreb (AQIM)"
"111","Al-Qaida in Yemen"
"112","Al-Qaida Kurdish Battalions (AQKB)"
"113","Al-Qaida Organization for Jihad in Sweden"
"114","Al-Qaqa Brigade"
"115","Al-Sa'iqa"
"116","Al-Sawaiq Brigade"
"117","Al-Shabaab"
"118","Al-Shabaab al-Mu'minin"
"119","Al-Shuda Brigade"
"120","Al-Toaiman Tribesmen"
"121","Al-Umar Mujahideen"
"122","Al-Ummah"
"123","Al-Zulfikar"
"124","Albanian extremists"
"125","Albanian National Army (ANA)"
"126","Albanian Separatists"
"127","Albatros Commando"
"128","Alcubar group"
"129","Alejo Calatayu"
"130","Aleppo Fatah Operations Room"
"131","Alex Boncayao Brigade (ABB)"
"132","Alexandros Grigoropoulos Anarchist Attack Group"
"133","Alfaro Vive"
"134","Algeisk Wolves"
"135","Algeria Province of the Islamic State"
"136","Algerian Islamic Extremists"
"137","Algerian Moslem Fundamentalists"
"138","All (Baksa District) B.F.D.N Sangodan"
"139","All Burma Students' Democratic Front (ABSDF)"
"140","All for the Fatherland Movement"
"141","All India Anna Dravida Munetra Kazgan Party"
"142","All Nepal National Free Student Union-Revolutionary"
"143","All Tripura Tiger Force (ATTF)"
"144","Allah's Tigers"
"145","Alliance of Patriots for a Free and Sovereign Congo (APCLS)"
"146","Alliance of Revolutionary Cuban Organizations"
"147","Allied Democratic Forces (ADF)"
"148","Amal"
"149","Amazigh Islamic Front"
"150","Ambazonia Defense Forces (ADF)"
"151","Ambazonia Tigers"
"152","America Battalion"
"153","American Anticommunist Association (AAA)"
"154","American Indian Movement"
"155","American Servicemen's Union (ASU)"
"156","Americans for a Competent Federal Judicial System"
"157","Amhara tribal group"
"158","Amr Bil Maroof Wa Nahi Anil Munkir"
"159","Ananda Marga"
"160","Anarchist Action (CA / United States)"
"161","Anarchist Anti-Capitalist Action Group"
"162","Anarchist Cell Acca (C.A.A.)"
"163","Anarchist Commando Nestor Makhno Group"
"164","Anarchist Faction"
"165","Anarchist Revolt Against Exiled Gendarmes"
"166","Anarchist Struggle"
"167","Anarchists"
"168","Anarchists Attack Team"
"169","Anarkista Jorge Banos Front of the Everyone For The Homeland Movement (MTP)"
"170","Andres Castro United Front"
"171","Angolan Defense Force"
"172","Angry Brigade"
"173","Angry Foxes Cell"
"174","Aniban ng Ayaw sa Komunista (ANAK) "
"175","Animal Defense League"
"176","Animal Liberation Front (ALF)"
"177","Animal Rights extremists"
"178","Animal Rights Militia"
"179","Anonymous Underground Movement (MCA)"
"180","Ansar Al Sunnah (Palestine)"
"181","Ansar al-Dine (Mali)"
"182","Ansar al-Furqan"
"183","Ansar al-Islam"
"184","Ansar al-Islam (Burkina Faso)"
"185","Ansar Al-Khilafa (Philippines)"
"186","Ansar al-Sharia (Libya)"
"187","Ansar al-Sharia (Pakistan)"
"188","Ansar al-Sharia (Tunisia)"
"189","Ansar al-Sunna"
"190","Ansar al-Sunna (Mozambique)"
"191","Ansar Bayt al-Maqdis (Ansar Jerusalem)"
"192","Ansar Ghazwat-ul-Hind"
"193","Ansar Wa Mohajir (Pakistan)"
"194","Ansaru (Jama'atu Ansarul Muslimina Fi Biladis Sudan)"
"195","Ansaru ash-Sharia (Russia)"
"196","Ansarul Islam (Pakistan)"
"197","Ansarullah Bangla Team"
"198","Anti Kurdish Workers Party Iraq nationals"
"199","Anti Somoza Gp, name unk"
"200","Anti-Abortion extremists"
"201","Anti-American Arab Liberation Front"
"202","Anti-Apartheid guerrillas"
"203","Anti-Apostate Movement Alliance (AGAP)"
"204","Anti-Arab extremists"
"205","Anti-Armenian Organization"
"206","Anti-Authority Group (Greece)"
"207","Anti-Balaka Militia"
"208","Anti-Bhutto demonstrators"
"209","Anti-Capitalist Action"
"210","Anti-Castro Command"
"211","Anti-Christian extremists"
"212","Anti-Clerical Pro-Sex Toys Group"
"213","Anti-Communist Action Alliance"
"214","Anti-Communist Command (KAK)"
"215","Anti-Communist extremists"
"216","Anti-Communist Patriotic Front"
"217","Anti-Communist Viets Organization"
"218","Anti-Democratic Struggle"
"219","Anti-Environmentalists"
"220","Anti-Establishment Nucleus"
"221","Anti-Fascist Activists"
"222","Anti-Fascist Territorial Group"
"223","Anti-feminist extremists"
"224","Anti-Gentrification Front"
"225","Anti-Government Demonstrators"
"226","Anti-Government extremists"
"227","Anti-Government Group"
"228","Anti-Government Guerrillas"
"229","Anti-Immigrant extremists"
"230","Anti-Imperialist Cell (AIZ)"
"231","Anti-Imperialist Commando"
"232","Anti-Imperialist Fighters for a Free Palestine"
"233","Anti-Imperialist International Brigades"
"234","Anti-Imperialist Patriotic Union"
"235","Anti-Imperialist Territorial Nuclei (NTA)"
"236","Anti-Independence extremists"
"237","Anti-Iran Government Exiles"
"238","Anti-Kim Jong-il extremists"
"239","Anti-LGBT extremists"
"240","Anti-Muslim extremists"
"241","Anti-Narita Extremists"
"242","Anti-Nuclear extremists"
"243","Anti-Nuclear Society for a Silent Counter-Offensive (ANGST)"
"244","Anti-Park extremists"
"245","Anti-Police extremists"
"246","Anti-Republican extremists"
"247","Anti-Revolutionary Agents"
"248","Anti-Semitic extremists"
"249","Anti-State Action"
"250","Anti-State Justice"
"251","Anti-State Proletarian Nuclei"
"252","Anti-Technology extremists"
"253","Anti-Terrorism ETA (ATE)"
"254","Anti-Terrorist Liberation Group (GAL)"
"255","Anti-White extremists"
"256","Anti-Zionist Movement"
"257","Apella"
"258","April 6th Liberation Movement"
"259","Arab Communist Organization"
"260","Arab Liberation Front (ALF)"
"261","Arab Movement of Azawad (MAA)"
"262","Arab People's Group"
"263","Arab Revolution/Liberation Vanguard Organization"
"264","Arab Separatists"
"265","Arab Socialist Baath Party"
"266","Arab Socialist Baath Party of Iraq"
"267","Arab Socialist Union Members"
"268","Arab Steadfastness Front"
"269","Arab-Israeli extremists"
"270","Arabian Peninsula Freemen"
"271","Arabs"
"272","Arakan Army (AA)"
"273","Arakan Rohingya Salvation Army (ARSA)"
"274","Arauco Malleco Coordinating Group (CAM) - Chile"
"275","Argentine Anticommunist Alliance (AAA)"
"276","Argentine Liberation Front (FAL)"
"277","Argentine Youths for Sovereignty"
"278","Ariska Brodraskapet (Aryan Brotherhood)"
"279","Aristide supporters"
"280","Armata Corsa"
"281","Armata di Liberazione Naziunale (ALN)"
"282","Armed Commandos of Liberation"
"283","Armed Communist Commando"
"284","Armed Communist Formations"
"285","Armed Communist Nucleus"
"286","Armed Falange"
"287","Armed Fight for Workers Power"
"288","Armed Forces for a Federal Republic (FARF)"
"289","Armed Forces for Liberation of East Timor (FALINTIL)"
"290","Armed Forces for National Salvation - Army of the People (FASN-EP)"
"291","Armed Forces of National Resistance (FARN)"
"292","Armed Forces of Popular Resistance (FARP)"
"293","Armed Forces of the Chechen Republic of Ichkeria"
"294","Armed Gold Miners"
"295","Armed Group for the Liberation of Guadeloupe (GLAG)"
"296","Armed Groups for Communism"
"297","Armed Groups of Organised Proletariat"
"298","Armed Islamic Group (GIA)"
"299","Armed Islamic Movement"
"300","Armed Nuclei for Territorial Counterpower"
"301","Armed Nucleus for Popular Autonomy"
"302","Armed Nucleus of Communist Workers"
"303","Armed People"
"304","Armed Proletarian Group"
"305","Armed Proletarian Groups for Communism"
"306","Armed Proletarian Nuclei (NAP)"
"307","Armed Proletarian Power"
"308","Armed Proletarian Squads"
"309","Armed Radical Groups for Communism"
"310","Armed Revolutionary Action (ENEDRA)"
"311","Armed Revolutionary Forces"
"312","Armed Revolutionary Groups"
"313","Armed Revolutionary Independence Movement (MIRA)"
"314","Armed Revolutionary Left (IRA)"
"315","Armed Revolutionary Nuclei (NAR)"
"316","Armed Squads for Communism"
"317","Armed Struggle for Communism"
"318","Armed Struggle for Proletarian Power"
"319","Armed Vanguards of a Second Mohammed Army"
"320","Armed Workers Squads"
"321","Armenian extremists"
"322","Armenian Group"
"323","Armenian Guerrillas"
"324","Armenian militants"
"325","Armenian Secret Army for the Liberation of Armenia"
"326","Armenians"
"327","Army for Freeing Scotland"
"328","Army of God"
"329","Army of Islam"
"330","Army of the Republic of Ilirida"
"331","Army of the Tribes"
"332","Arnoldo Camu Command"
"333","Arsonists for Social Cohesion"
"334","Artigas Guard Commando"
"335","Arya"
"336","Aryan Nation"
"337","Aryan Republican Army"
"338","Asa'ib Ahl al-Haqq"
"339","Asbat al-Ansar"
"340","Association of Demobilized Armed Forces"
"341","Association Totalement Anti-Guerre (ATAG)"
"342","Attaches"
"343","Attack Teams for the Dissolution of the Nation (Greece)"
"344","Aum Shinri Kyo"
"345","Authenticity and Development Front"
"346","Autonomous Anti-Capitalist Commandos (CAA)"
"347","Autonomous Group for Armed Action"
"348","Autonomous Groups"
"349","Autonomous Intervention Collective Against the Zionist Presence in France"
"350","Autonomous Manuel Rodriguez Patriotic Front"
"351","Autonomy Front"
"352","Autonomy-Seeking Arabs"
"353","Avenge the Arab Nation"
"354","Avengers of Peiper Group"
"355","Avengers of the Infants"
"356","Awami League"
"357","Azania People's Organization (AZAPO)"
"358","Azawad National Liberation Movement (MNLA)"
"359","Azerbaijan Guerrillas"
"360","Azerbaijan Weapons Smugglers"
"361","Ba'adi (on my own behalf)"
"362","Baader-Meinhof Group"
"363","Baathist extremists"
"364","Bab Tajura Brigade"
"365","Babbar Khalsa International (BKI)"
"366","Bahoz"
"367","Bahrain Province of the Islamic State"
"368","Baloch Liberation Army (BLA)"
"369","Baloch Liberation Front (BLF)"
"370","Baloch Liberation Tigers (BLT)"
"371","Baloch Militant Defense Army"
"372","Baloch Nationalists"
"373","Baloch Republican Army (BRA)"
"374","Baloch Republican Guards (BRG)"
"375","Baloch Republican Party"
"376","Baloch Waja Liberation Army (BWLA)"
"377","Baloch Young Tigers (BYT)"
"378","Balochistan Liberation United Front (BLUF)"
"379","Balochistan National Army"
"380","Bandits"
"381","Bangalee Somo Odhikar Andolon"
"382","Bangladesh Nationalist Party (BNP)"
"383","Bangladesh Sarbahara Party"
"384","Bangladesh Tiger Force"
"385","Bangsamoro Islamic Freedom Movement (BIFM)"
"386","Bangsamoro National Liberation Army"
"387","Bani Hilal Tribe"
"388","Banyamulenge rebels"
"389","Barak Valley Tiger Force (BVTF)"
"390","Barisan Revolusi Nasional (BRN)"
"391","Barqa Province of the Islamic State"
"392","Base Movement"
"393","Bashir al-Baqarah militia"
"394","Basque extremists"
"395","Basque Fatherland and Freedom (ETA)"
"396","Basque Justice"
"397","Basque Rectitudes"
"398","Basque Separatists"
"399","Basque terrorists"
"400","Bavarian Liberation Army"
"401","Bedouin Israeli extremists"
"402","Bedouin Movement (Sudan)"
"403","Bedouin tribesmen"
"404","Begumcans Cell"
"405","Beirut Martyrs Battalion"
"406","Beirut Martyrs Forces Organization"
"407","Beja Congress"
"408","Belarusian Liberation Army"
"409","Beli Orlovi (White Eagles)"
"410","Benghazi Defense Brigades (BDB)"
"411","Berom Militants"
"412","Besi Merah Putih Militia"
"413","Bharatiya Janata Party"
"414","Bhinderanwale Tiger Force of Khalistan (BTHK)"
"415","Bhisan Himali Bag"
"416","Bhittani tribe"
"417","Biafra Zionist Movement (BZM)"
"418","Bihar People's  Party (Hindu militants)"
"419","Bilal Badr Group"
"420","Bini-Oru"
"421","Black Afro Militant Movement"
"422","Black and Red Anarchist and Anti-Authoritarians Initiative (Greece)"
"423","Black Berets"
"424","Black Brigade (United States)"
"425","Black Eagles"
"426","Black extremists"
"427","Black Flag (Bandera Negra)"
"428","Black Forest Command"
"429","Black Hand"
"430","Black Hand (Colombia)"
"431","Black Hebrew Israelites"
"432","Black Lebanon"
"433","Black Liberation Army"
"434","Black March"
"435","Black Muslims"
"436","Black Nationalists"
"437","Black Order"
"438","Black Panther Group (Palestinian)"
"439","Black Panthers"
"440","Black Revolutionary Assault Team"
"441","Black September"
"442","Black Star"
"443","Black Widows"
"444","Bodo Liberation Tigers (BLT)"
"445","Bodo Militants"
"446","Bodu Bala Sena"
"447","Boer Republikeinse Leer"
"448","Boere Aanvals Troepe (BAT)"
"449","Boko Haram"
"450","Bolivarian Army of Liberation"
"451","Bolivian Socialist Falange"
"452","Borderless Solidarity Cell (BSC)"
"453","Boricua Revolutionary Front"
"454","Bosnian refugee"
"455","Bougainville Revolutionary Army (BRA)"
"456","Boz-Ok (Grey Arrow)"
"457","Brelvi Muslims"
"458","Breton Liberation Front (FLB)"
"459","Breton Separatists"
"460","Brigadas Rojas"
"461","Brigades of Imprisoned Sheikh Omar Abdel-Rahman"
"462","Brother Julian"
"463","Bru Democratic Front of Mizoram (BDFM)"
"464","Brunswijk Jungle Commando"
"465","Buddhist Monks"
"466","Burma Communist Party"
"467","Burmese Minority Group Pirates"
"468","Cali Narcotics Cartel"
"469","Cambodian Freedom Fighters (CFF)"
"470","Cambodian guerrillas"
"471","Cambodian People's Party (CPP)"
"472","Canary Islands Independence Movement"
"473","Cannibal Army"
"474","Caribbean Revolutionary Alliance (ARC)"
"475","Carlos Echeverria commando group"
"476","Catalan Liberation Front (FAC)"
"477","Catholic Reaction Force"
"478","Caucasus Emirate"
"479","Caucasus Province of the Islamic State"
"480","Cells of Direct Attack - Living Waste Group"
"481","Central African National Liberation Movement"
"482","Central American Movement of Solidarity (MOSCA)"
"483","Chama Pueblo en Rebelion"
"484","Charles Martel Group"
"485","Charlot Jacquelin Militant Front"
"486","Che Guevara Brigade"
"487","Che Guevara Guerrillas"
"488","Chechen Rebels"
"489","Chicano Liberation Front"
"490","Chicano Radicals"
"491","Children of November"
"492","Chilean Anti-Communist Alliance (ACHA)"
"493","Chilean Committee of Support for the Peruvian Revolution"
"494","Chinese Pirates"
"495","Christ Chaos"
"496","Christian extremists"
"497","Christian Liberation Army"
"498","Christian Palestinian group"
"499","Christian State-Holy Rus"
"500","Chukakuha (Middle Core Faction)"
"501","Chukakuha Revolutionary Army"
"502","Cinchoneros Popular Liberation Movement"
"503","Citizen's Rights Protection Volunteers"
"504","Citizens Volunteer Force"
"505","Civic United Front (CUF)"
"506","Civil Association for Peace in Colombia, Asocipaz"
"507","Civil Protection Units (YPS)"
"508","Civil War Veterans"
"509","Civilian Defense"
"510","Civilian Joint Task Force (JTF)"
"511","Cleansing Hand (La Mano Que Limpia)"
"512","Cleansing Squad"
"513","Coalition for Unity and Democracy (CUD)"
"514","Coalition to Save the Preserves (CSP)"
"515","Coca Farmers"
"516","Colombia Without Guerrillas"
"517","Colombian Guerrillas"
"518","Colombian Patriotic Resistance"
"519","Colombian Revolution"
"520","Colonel Karuna Faction"
"521","Column 88"
"522","Comando Autónomo Voltaire Argandoña"
"523","Comando Bautista B"
"524","Comando Independiente Revolucionario"
"525","Comando Malvinas Argentinas"
"526","Combat 18"
"527","Combat Territory Groups"
"528","Comite d'Action Viticole"
"529","Commander Luciano Varela Antiguerrilla Group"
"530","Commando Adolph Hitler"
"531","Commando Delta"
"532","Commando Internacionalista Simon Bolivar"
"533","Commandos"
"534","Commandos for A Popular alternative"
"535","Commandos of France"
"536","Committee for a National Drive for Peace and Democracy"
"537","Committee for the Elimination of Killer Collaborators"
"538","Committee for the Safeguard of the Islamic Revolution"
"539","Committee of action against bull fights"
"540","Committee of Coordination"
"541","Committee of Solidarity with Arab and Middle East Political Prisoners (CSPPA)"
"542","Communist Brigade Dante Dimani"
"543","Communist Combat Unit"
"544","Communist Combattant Cells (CCC) (Belgium)"
"545","Communist Fighters Association"
"546","Communist Fighting Unit"
"547","Communist Front for Counterpower"
"548","Communist Group of Proletarian Internationalism"
"549","Communist Hunters Command (CCC)"
"550","Communist Nuclear"
"551","Communist Nuclei of Counter Power"
"552","Communist Party of India"
"553","Communist Party of India - Maoist (CPI-Maoist)"
"554","Communist Party of India- Marxist"
"555","Communist Party of India- Marxist-Leninist"
"556","Communist Party of Malaysia- Marxist-Leninist"
"557","Communist Party of Nepal - Maoist (CPN-Maoist-Chand)"
"558","Communist Party of Nepal- Maoist (CPN-M)"
"559","Communist Party of Nepal-Maoist (Baidya)"
"560","Communist Party of Thailand"
"561","Communist Patrols for Counter Power"
"562","Communist Progress"
"563","Communist Territorial Nuclei"
"564","Communists"
"565","Communists Fighting Imperialism and Armaments"
"566","Comrades in Arms"
"567","Concerned Militant Leaders (CML)"
"568","Condor"
"569","Confederation of Iranian Students/National Union (CISNU)"
"570","Congolese Armed Patriotic Group"
"571","Congolese Patriotic Resistence-Patriotic Armed Forces (Pareco/FAP)"
"572","Congolese Rally for Democracy (RCD)"
"573","Congress of Kabardian People"
"574","Congress Party Activists"
"575","Conqueror Army"
"576","Conscientious Arsonists (CA)"
"577","Conspiracy of Cells of Fire"
"578","Conspiracy of Vengeful Arsonists"
"579","Conspiracy theory extremists"
"580","Continental Revolutionary Army"
"581","Continuity Irish Republican Army (CIRA)"
"582","Contras"
"583","Convention of Liberal Reformers (CLR)"
"584","Convention of Patriots for Justice and Peace"
"585","Coordination Committee (CORCOM)"
"586","Coordination of Azawad Movements (CMA)"
"587","Coordination of the United Revolutionary Organization (CORU)"
"588","Core Conspirators for the Extension of Chaos (Núcleo de Conspiradores por la Extensión de Kaos)"
"589","Corsican National Liberation Front (FLNC)"
"590","Corsican National Liberation Front- Historic Channel"
"591","Corsican Nationalists"
"592","Corsican Separatists"
"593","Cossack Separatists"
"594","Council for Popular Justice"
"595","Council for the Destruction of Order"
"596","Counter-revolutionaries"
"597","Counterrevolutionary Solidarity (SC)"
"598","Coup plotters"
"599","Court Reform extremists"
"600","Covenant, Sword and the Arm of the Lord (CSA)"
"601","Crazy Brabant Killers"
"602","Croat Democratic Union"
"603","Croatian Freedom Fighters"
"604","Croatian Nationalists"
"605","Croatian Revolutionary Cell-Bruno Busic Dept"
"606","Crypteia"
"607","CSS Movement"
"608","Cuban Action"
"609","Cuban C-4 Movement"
"610","Cuban Exiles"
"611","Cyprus Turkish People's Movement"
"612","Cyrenaica Self-Defense Force"
"613","Dacoits"
"614","Dagestani Shari'ah Jamaat"
"615","David Yau Yau Militia"
"616","Death Squad"
"617","Death to Drug Traffickers"
"618","Death to Kidnappers (MAS)"
"619","Deccan Mujahideen"
"620","December 13 Independent Group"
"621","Delta Democratic Militia"
"622","Delta Group"
"623","Democratic Front for the Liberation of Palestine (DFLP)"
"624","Democratic Front for the Liberation of Rwanda (FDLR)"
"625","Democratic Front of the Central African People (FDPC)"
"626","Democratic Karen Buddhist Army (DKBA)"
"627","Democratic Movement for the Liberation of the Eritrean Kunamas (DMLEK)"
"628","Democratic Revolutionary Alliance (ARDE)"
"629","Democratic Revolutionary Front (FDR)"
"630","Democratic Revolutionary Party"
"631","Democratic Youth Federation of India (DYFI)"
"632","Deniers of Holidays"
"633","Derna Protection Force (DPF)"
"634","Detonators of Social Uprisings"
"635","Dev Sol"
"636","Devrimici Halk Kurtulus Cephesi (DHKP/C)"
"637","Didier Ratsiraka's Militia"
"638","Dignity Command"
"639","Dignity for Colombia"
"640","Dima Halao Daoga (DHD)"
"641","Dioulas tribal group"
"642","Dishmish Regiment"
"643","Dissident"
"644","Dissident Republican Guard"
"645","Dissident Republicans"
"646","Dnestr Rebels"
"647","Dnestr Republic Separatists"
"648","Dogon extremists"
"649","Dominican Popular Movement (MPD)"
"650","Donetsk People's Republic"
"651","Donskoy Army"
"652","Down with Lubbers"
"653","Draa El Mizan Seriat"
"654","Dravidar Kazhagam"
"655","Dravidar Viduthalai Kazhagam (DVK)"
"656","Drug-Related Terrorists"
"657","Dukhta-ran-e-Millat"
"658","Eagles of the Palestinian Revolution"
"659","Earth First!"
"660","Earth Liberation Front (ELF)"
"661","East Asia Anti Japanese Armed Front"
"662","East Asia Division of the Islamic State"
"663","East Side Action Committee"
"664","East Timorese extremists"
"665","Eastern Turkistan Islamic Movement (ETIM)"
"666","Economic Freedom Fighters"
"667","Eelam People's Revolutionary Liberation Front (EPRLF)"
"668","Egypt's Revolution"
"669","Egyptian Islamic Jihad (Al-Jihad)"
"670","Egyptian Tawhid and Jihad"
"671","Egyptians"
"672","Ein Tyrol (One Tyrol)"
"673","Ejercito de Liberacion Nacional (Bolivia)"
"674","Ejercito Revolucionaria del Pueblo (ERP) (Argentina)"
"675","El Mico Rebel Gray"
"676","El Movimiento Revolucionario Independinista"
"677","El-Feth katibat"
"678","Elements Police Cobra Squadron"
"679","Emilio Recabarren Commando"
"680","English Defense League (EDL)"
"681","Enraged Revolutionaries"
"682","Environmentalists"
"683","Equilibrio Nacional"
"684","Eritrean Liberation Front"
"685","Eritrean Peoples Liberation Front"
"686","Erotic Anti-authority Cells"
"687","Ethiopian People's Revolutionary Party"
"688","Ethiopians"
"689","Eva Peron Organization"
"690","Evangelical Christians"
"691","Ex-Somoza National Guard"
"692","Extortionists"
"693","Extraparliamentary Opposition (APO)"
"694","Extremists"
"695","Face to Face (Face-a-Face)"
"696","Faithful Resistance"
"697","Falanga"
"698","Falange"
"699","Farabundo Marti National Liberation Front (FMLN)"
"700","Farm Animal Revenge Militia (FARM)"
"701","Farmers"
"702","Fatah al-Islam"
"703","Fatah Hawks"
"704","Fatah Uprising"
"705","Father of the Poor"
"706","Fatherland"
"707","Fatoni Warriors"
"708","February 14th Movement"
"709","February 27 Revolutionary Armed Forces"
"710","February 28 Popular League (El Salvador)"
"711","Fedayeen"
"712","Fedayeen Khalq (People's Commandos)"
"713","Fedayeen of the Imperial Iranian Monarchy"
"714","Federation of Students and Scholars of Cote d'Ivoire (FESCI)"
"715","Feminist extremists"
"716","Fezzan Province of the Islamic State"
"717","Fight Against Authority"
"718","Fight Xenophobia"
"719","Fighters for Communism"
"720","Fighters for the Liberation of the Turkish People"
"721","Fighters of Democratic Latvia"
"722","Fighters of the People"
"723","Fighting Communist Front"
"724","Fighting Communist Unit"
"725","Fighting For Freedom Coalition (FFFC-Ottawa)"
"726","Fighting Guerrilla Formation"
"727","Filipino Soldiers for the Country"
"728","Fire and Flame for the Police (FFdP)"
"729","First of October Antifascist Resistance Group (GRAPO)"
"730","Forbidden Blockade (Greece)"
"731","Force 17"
"732","Forces for the Defense of Democracy (FDD)"
"733","Forest Brothers"
"734","Forqan Group"
"735","Forum for the Restoration of Democracy-Kenya"
"736","Four Martyrs Brigade"
"737","Fourth Reich Skinheads"
"738","Francia"
"739","Fred Hampton Unit of the People's Forces"
"740","Free Aceh Movement (GAM)"
"741","Free Galician People's Guerrilla Army"
"742","Free Lebanon"
"743","Free Papua Movement (OPM-Organisasi Papua Merdeka)"
"744","Free Syrian Army"
"745","Freedom Eagles of Africa"
"746","Freedom Party"
"747","Freital Group"
"748","French National"
"749","Friendly Company"
"750","Friends of Freedom"
"751","Friends of Loukanikos"
"752","Front for the Liberation of Lebanon from Foreigners"
"753","Front For the Liberation of the Azores"
"754","Front for the Liberation of the Enclave of Cabinda (FLEC)"
"755","Front for the Liberation of the French Somali Coast"
"756","Front for the Restoration of Unity and Democracy"
"757","Front of Resistance and National Liberation of Albanians"
"758","Fronte Paesanu Corsu di Liberazione (FPCL)"
"759","Fuerza Nueva"
"760","Fuerzas Armadas de Liberacion Nacional (FALN)"
"761","Fuerzas Armadas Revolucionarias del Pueblo (FARP)"
"762","Fulani extremists"
"763","Fundamentalists"
"764","Furious Rebellion"
"765","GAC"
"766","Gaddafi loyalists"
"767","Gaitanista Self-Defense Forces of Colombia (AGC)"
"768","Ganda Koi"
"769","Gang"
"770","Gangs of Conscience"
"771","Garo National Liberation Army"
"772","Gazteriak"
"773","Gbagbo Loyalists"
"774","Generation of Arab Fury"
"775","George Jackson Brigade"
"776","Georgian extremists"
"777","Georgian Militants"
"778","Georgian Sabotage Group"
"779","German Resistance Movement"
"780","Global Intifada"
"781","GN-95"
"782","God's Oppressed Army"
"783","Golden Dawn"
"784","Good Vision Party (India)"
"785","Gorkha Janmukti Morcha (GJM)"
"786","Gorkha Liberation Army (GLA)"
"787","Government Supporters"
"788","GP II"
"789","Gracchus Babeuf"
"790","Great Eastern Islamic Raiders Front (IBDA-C)"
"791","Greater Damascus Operations Room"
"792","Greek Anti-Dictatorial Youth (EAN)"
"793","Greek National Socialist Organization"
"794","Greek Popular Resistance"
"795","Grey Wolves"
"796","Group of Popular Fighters"
"797","Group Yuri Choukewitch"
"798","Groups for Dissemination of Revolutionary Theory and Action"
"799","Grupo Estrella"
"800","Grupo Libertad"
"801","Guadalcanal Liberation Front (GLF)"
"802","Guadeloupe Liberation Army"
"803","Guadeloupe Separatists"
"804","Guardians of the Islamic Revolution"
"805","Guards of the Fighting Proletariat"
"806","Guatemalan Communist Party"
"807","Guatemalan hired assasins"
"808","Guatemalan Labor Party (PGT)"
"809","Guatemalan National Revolutionary Unity (URNG)"
"810","Guerrilla Army of the Poor (EGP)"
"811","Guerrilla Command Force 97"
"812","Guerrilla Forces for Liberation"
"813","Guerrilla Movement of the Poor (MGP)"
"814","Guerrillas"
"815","Guerrillas of Christ the King"
"816","Gun runners"
"817","Gunmen"
"818","Gunmen loyal to Mohammad Farah Aideed"
"819","Gurkha National Liberation Front (GNLF)"
"820","Gutierrez Gomez Resistance Group"
"821","H-World/Heavenly Group"
"822","Habr Gedir Clan"
"823","Hadramawt Province of the Islamic State"
"824","Hadramawt Tribes Alliance"
"825","Hafiz Gul Bahadur Group"
"826","Haftar Militia"
"827","Haika"
"828","Halqa-e-Mehsud"
"829","Hamas (Islamic Resistance Movement)"
"830","Hamawand Tribe"
"831","Hamza Combat Group against Atheism and Heresy"
"832","Hanchongryun"
"833","Haqqani Network"
"834","Harakat al-Nujaba"
"835","Harakat ul-Mujahidin (HuM)"
"836","Harakat ul-Mujahidin Al-Almi"
"837","Harakat-i-Inqilahi-i-Islami"
"838","Harkat ul Ansar"
"839","Harkatul Jihad-e-Islami"
"840","Hasam Movement"
"841","Hasmoneans (Jewish Settler Group)"
"842","Hassan Mabkhut Group"
"843","Hatikvah Leumi or National Hope"
"844","Hay'at Tahrir al-Sham"
"845","Hekla Reception Committee-Initiative for More Social Eruptions"
"846","Hells Angels"
"847","Hezb-e Wahdat-e Islami-yi Afghanistan"
"848","Hezbollah"
"849","Hezbollah Palestine"
"850","Hijaz Province of the Islamic State"
"851","Hill Tiger Force (HTF)"
"852","Himali Tigers"
"853","Hindu extremists"
"854","Hindu Morcha Nepal"
"855","Hiroyuki Jo"
"856","Hizb al-Tahrir al-Islami (HT)"
"857","Hizb-I-Islami"
"858","Hizb-ul-Ahrar (HuA)"
"859","Hizballah-Iraq"
"860","Hizbul al Islam (Somalia)"
"861","Hizbul Mujahideen (HM)"
"862","Hmar People's Convention-Democracy (HPC-D)"
"863","Holy Spirit Movement"
"864","Houthi extremists (Ansar Allah)"
"865","Hubay Qah Group"
"866","Human Rights Defence Committee"
"867","Huria Kristen Batak Protestan (HKBP)"
"868","Hutu extremists"
"869","Hynniewtrep National Liberation Council (HNLC)"
"870","Iberian Anarchist Federation"
"871","Iberian Liberation Movement (MIL)"
"872","Idealist Association"
"873","Idriss Miskine Group"
"874","Ijaw extremists"
"875","Illuminating Paths of Solidarity"
"876","Imam Shamil Battalion"
"877","Incel extremists"
"878","Incendiary Committee of Solidarity for Detainees"
"879","Independent Armed Revolutionary Commandos (CRIA)"
"880","Independent Nasserite Movement"
"881","Independent Peasants Union"
"882","Indian Mujahideen"
"883","Indian Tigers"
"884","Indigenous People of Biafra (IPOB)"
"885","Indipendenza"
"886","Individuals Tending Toward Savagery"
"887","Informal Anarchist Federation"
"888","Informal Feminist Commando for Anti-authoritarian Action"
"889","Ingush Rebels"
"890","Initiative de Resistance Internationaliste"
"891","Inkatha Freedom Party (IFP)"
"892","Inkotanyi"
"893","Institutional Revolutionary Party (PRI)"
"894","Insurgency Commune"
"895","Insurgents"
"896","International Justice Group (Gama'a al-Adela al-Alamiya)"
"897","International Revolutionary Action Group (GARI)"
"898","International Revolutionary Front"
"899","International Revolutionary Solidarity"
"900","Intifada Martyrs"
"901","Iparretarrak (IK)"
"902","Iranian extremists"
"903","Iranian Militants"
"904","Iranians"
"905","Iraq's Jihadist Leagues"
"906","Iraqi Communists"
"907","Iraqi extremists"
"908","Iraqi Islamic Vanguards for National Salvation (IIVNS)"
"909","Iraqi Mujahideen"
"910","Iraqi Sunni Extremists"
"911","Irigwe Militia"
"912","Irish National Liberation Army (INLA)"
"913","Irish People's Liberation Organization (IPLO)"
"914","Irish Republican Army (IRA)"
"915","Irish Republican Extremists"
"916","Irrintzi"
"917","Islam Liberation Front"
"918","Islambouli Brigades of al-Qaida"
"919","Islami Jamiat-e-Talaba (IJT)"
"920","Islamic Action Organization"
"921","Islamic Army in Iraq (al-Jaish al-Islami fi al-Iraq)"
"922","Islamic Brotherhood"
"923","Islamic Companies"
"924","Islamic Courts Union (ICU)"
"925","Islamic Defenders' Front (FPI)"
"926","Islamic Fateh"
"927","Islamic Front"
"928","Islamic Front (Syria)"
"929","Islamic Front for the Liberation of Bahrain"
"930","Islamic Jihad Group (IJG)"
"931","Islamic Jihad Organization (Yemen)"
"932","Islamic Jihad Union (Uzbekistan)"
"933","Islamic Movement for Change"
"934","Islamic Movement for the Liberation of Raja"
"935","Islamic Movement of Kashmir"
"936","Islamic Movement of Martyrs"
"937","Islamic Movement of Uzbekistan (IMU)"
"938","Islamic Mujahidin"
"939","Islamic Party of Kenya (IPK)"
"940","Islamic Renewal Movement"
"941","Islamic Revenge Organization"
"942","Islamic Revival Movement"
"943","Islamic Revolutionary Command"
"944","Islamic Salvation Front (FIS)"
"945","Islamic Salvation Front (Palestine)"
"946","Islamic Shashantantra Andolon (ISA)"
"947","Islamic State in Bangladesh"
"948","Islamic State in Egypt"
"949","Islamic State in the Greater Sahara (ISGS)"
"950","Islamic State of Iraq (ISI)"
"951","Islamic State of Iraq and the Levant (ISIL)"
"952","Islamic Swords of Justice in the Land of Ribat"
"953","Islamic Unification Movement"
"954","Islamist extremists"
"955","Israel Militant"
"956","Israeli extremists"
"957","Israeli settlers"
"958","Israeli Terrorist Group"
"959","Issa and Gurgura Liberation Front"
"960","Italian Social Movement (MSI)"
"961","Italians Attacking Policies of the Regional  SVP"
"962","Ittehad-i-Islami"
"963","Ivorian Popular Front"
"964","Jabha East Africa"
"965","Jacinto Araujo Internationalist Rebel Insurrectionist Brigade"
"966","Jacques de Molay Group"
"967","Jadid Al-Qaida Bangladesh (JAQB)"
"968","Jai Shri Ram Hindu Bhai Group"
"969","Jaime Bateman Cayon Group (JBC)"
"970","Jaish al-Adl"
"971","Jaish al-Fatah (Syria)"
"972","Jaish al-Mujahideen (Syria)"
"973","Jaish al-Muslimin (Army of the Muslims)"
"974","Jaish Tahkim al-Din"
"975","Jaish Usama"
"976","Jaish-e-Islam"
"977","Jaish-e-Khorasan (JeK)"
"978","Jaish-e-Mohammad (JeM)"
"979","Jalisco New Generation Cartel (CJNG)"
"980","Jaljala Army"
"981","Jama'atul Mujahideen Bangladesh (JMB)"
"982","Jamaah Ansharut Daulah"
"983","Jamaah Ansharut Tauhid (JAT)"
"984","Jamaat Nusrat al-Islam wal Muslimin (JNIM)"
"985","Jamaat Tauhid Wal Jihad (Pakistan)"
"986","Jamaat-al-Fuqra"
"987","Jamaat-E-Islami (Bangladesh)"
"988","Jamaat-E-Islami (India/Pakistan)"
"989","Jamaat-ul-Ahrar"
"990","Jamaica Labor Party"
"991","Jamiat ul-Mujahedin (JuM)"
"992","Jamiat-e Islami-yi Afghanistan"
"993","Jammu and Kashmir Islamic Front"
"994","Jammu and Kashmir Liberation Front"
"995","Janatantrik Terai Madhesh Mukti Morcha (JTMMM)"
"996","Janatantrik Terai Mukti Morcha (JTMM)"
"997","Janatantrik Terai Mukti Morcha- Bisphot Singh (JTMM-B)"
"998","Janatantrik Terai Mukti Morcha- Goit (JTMM-G)"
"999","Janatantrik Terai Mukti Morcha- Jwala Singh (JTMM-J)"
"1000","Janatantrik Terai Mukti Morcha- Rajan Mukti (JTMM-R)"
"1001","Janatantrik Terai Mukti Morcha- Ranbir Singh (JTMM-RS)"
"1002","Janjaweed"
"1003","Japanese Independence Patriotic Party"
"1004","Japanese Red Army (JRA)"
"1005","Javier Heraud Revolutionary Commando"
"1006","Jaysh al-Islam (Syria)"
"1007","Jeay Sindh Muttahida Mahaz (JSMM)"
"1008","Jemaah Islamiya (JI)"
"1009","Jerusalem Groups Hebrew (Qvutzot Yerushalayim)"
"1010","Jewish Armed Resistance"
"1011","Jewish Defenders"
"1012","Jewish Defense League (JDL)"
"1013","Jewish Defense Organization"
"1014","Jewish Direct Action"
"1015","Jewish Extremists"
"1016","Jewish Fighting Organization (Eyal)"
"1017","Jewish Terror"
"1018","Jharkhand Janmukti Parishad (JJP)"
"1019","Jharkhand Kranti Raksha Dal (Utari Chotanagpur)"
"1020","Jharkhand Liberation Tigers (JLT)"
"1021","Jharkhand Prastuti Committee (JPC)"
"1022","Jharkhand Sangharsh Jan Mukti Morcha"
"1023","Jharkhand Tribal Forces"
"1024","Jihad Islamic League Front"
"1025","Jihadi Movement of the Sunna People of Iran"
"1026","Jihadi-inspired extremists"
"1027","Joint Meeting Parties (JMP)"
"1028","Joint Palestinian leftist organization"
"1029","Jonathan Jackson Brigade"
"1030","Jordanian Islamic Resistance"
"1031","Jordanian National Liberation Movement"
"1032","Jose Benito Escobar Workers Federation"
"1033","Juan Rayo Guerilla Group"
"1034","July 14 Movement"
"1035","Jumuiya ya Taasisi za Kiislam (Community of Muslim Organizations)"
"1036","Junaid Jihadist Battalion"
"1037","Jund al-Khilafa"
"1038","Jund al-Khilafah (Tunisia)"
"1039","Jund al-Sham for Tawhid and Jihad"
"1040","Jund Al-Tawid"
"1041","Jund Ansar Allah"
"1042","Jundallah (Iran)"
"1043","Jundallah (Pakistan)"
"1044","Justice and Equality Movement (JEM)"
"1045","Justice and Liberty Warriors"
"1046","Justice Commandos for the Armenian Genocide"
"1047","Justice Party"
"1048","Justicieros de la Frontera"
"1049","Kabataang Makabayan (KM)"
"1050","Kabul Government Agents"
"1051","Kach"
"1052","Kachin Independence Army (KIA)"
"1053","Kachin Insurgents"
"1054","Kahane Chai"
"1055","Kaingang Indians"
"1056","Kaka-Tribesmen"
"1057","Kalpar Tribesmen"
"1058","Kamajor Hunters"
"1059","Kamal Boulander Group"
"1060","Kampuchean Peoples National Liberation Army"
"1061","Kamtapur Liberation Organization (KLO)"
"1062","Kamwina Nsapu Militia"
"1063","Kanak Socialist National Liberation Front"
"1064","Kanglei Yawol Kanna Lup (KYKL)"
"1065","Kangleipak Communist Party (KCP)"
"1066","Kara clan"
"1067","Karamojong Warriors"
"1068","Karamyit Singh"
"1069","Karbi Longri North Cachar Liberation Front (KLNLF)"
"1070","Karbi People's Liberation Tigers (KPLT)"
"1071","Karbi Tribe"
"1072","Karen Insurgents"
"1073","Karen National Union"
"1074","Karenni National Progressive Party"
"1075","Kashmir Freedom Force"
"1076","Kashmiri extremists"
"1077","Kashmiri Hezbollah"
"1078","Kata'ib al-Khoul"
"1079","Kata'ib Hezbollah"
"1080","Katsuhisa Omori"
"1081","Kawal ng Pilipinas (Soldier of the Philippines)"
"1082","Kazakhstan Liberation Army"
"1083","Kentavros"
"1084","Kenya African National Union (KANU)"
"1085","Kenyan rebels from Uganda"
"1086","Keshet"
"1087","Khalistan Commando Force"
"1088","Khalistan Liberation Force"
"1089","Khalistan Zindabad (Long Live Khalistan)"
"1090","Kharkiv Partisans"
"1091","Khasi Students Union"
"1092","Khmer Bandits"
"1093","Khmer Rouge"
"1094","Khorasan Chapter of the Islamic State"
"1095","Khristos Kasimis"
"1096","Khumbuwan Mukti Morcha"
"1097","Kidnapping gang"
"1098","Kilafah Islamic Movement"
"1099","Kim Pyongnil Supporters"
"1100","King Street"
"1101","Kirat Janabadi Workers Party"
"1102","Kisan Indian Organization"
"1103","Knights Templar (Caballeros Templarios)"
"1104","Kolla Benjo Cruz Command"
"1105","Korea Univ. Students"
"1106","Koreans"
"1107","Kosovo Liberation Army (KLA)"
"1108","Kotoko Tribal Group"
"1109","Kouweikhat Group"
"1110","Krause Group"
"1111","Krikapi Indians"
"1112","Ku Klux Klan"
"1113","Kuki Independent Organization (KIO/KIA)"
"1114","Kuki Liberation Army (KLA)"
"1115","Kuki National Army (KNA)"
"1116","Kuki Revolutionary Army (KRA)"
"1117","Kuki tribesmen"
"1118","Kurdish Democratic Party-Iran (KDP)"
"1119","Kurdish Democratic Party-Iraq (KDP)"
"1120","Kurdish Dissidents"
"1121","Kurdish extremists"
"1122","Kurdish guerrillas"
"1123","Kurdish Islamic Unity Party"
"1124","Kurdish Rebels"
"1125","Kurdish Separatists"
"1126","Kurdish Sympathizers"
"1127","Kurdistan Free Life Party"
"1128","Kurdistan Freedom Hawks (TAK)"
"1129","Kurdistan Workers' Party (PKK)"
"1130","Kurds"
"1131","Lahij Province of the Islamic State"
"1132","Laiq Chanio Group of Dacoit Bandits"
"1133","Landless Peasants' Movement (MST)"
"1134","Lashkar-e-Balochistan"
"1135","Lashkar-e-Islam (India)"
"1136","Lashkar-e-Islam (Pakistan)"
"1137","Lashkar-e-Jhangvi"
"1138","Lashkar-e-Omar"
"1139","Lashkar-e-Taiba (LeT)"
"1140","Lashkari-e-Adam (Army of Adam)"
"1141","Laskar Jihad"
"1142","Last Alternative Guerrilla Front"
"1143","Last Generation"
"1144","Latin America Anti-Communist Army (LAACA)"
"1145","Lavalas Supporters"
"1146","League of French Fighters Against Jewish Occupation"
"1147","League of the 18"
"1148","Lebanese Free Will Movement"
"1149","Lebanese Liberation Front"
"1150","Lebanese National Resistance Front"
"1151","Lebanese Resistance Group"
"1152","Lebanese Socialist Revolutionary Organization"
"1153","Left wing student group"
"1154","Left-Wing Demonstrators"
"1155","Left-wing extremists"
"1156","Left-Wing Guerrillas"
"1157","Left-Wing Militants"
"1158","Left-Wing Terrorists"
"1159","leftist guerrillas-Bolivarian militia"
"1160","Leftist youths"
"1161","Lehava"
"1162","Les Casseurs"
"1163","Lesotho Liberation Army (LLA)"
"1164","Libardo Moratoro Front"
"1165","Liberation and Justice Movement (LJM)"
"1166","Liberation Army for Presevo, Medvedja and Bujanovac (UCPMB)"
"1167","Liberation Battalion"
"1168","Liberation Front for English-speaking Cameroon"
"1169","Liberation Front of the Senegalese People"
"1170","Liberation Tigers of Tamil Eelam (LTTE)"
"1171","Liberation War Veterans Association"
"1172","Liberia Peace Council"
"1173","Liberians United for Reconciliation and Democracy (LURD)"
"1174","Libya Revolutionaries Operations Room (LROR)"
"1175","Libya Shield Force"
"1176","Libyan"
"1177","Libyan Militia"
"1178","Libyan Students"
"1179","Likud Political Party"
"1180","Lithuanian Land Guard"
"1181","Liwa Ahrar al-Sunna"
"1182","Liwa al-Haqq"
"1183","Liwa al-Islam"
"1184","Liwa al-Tawhid"
"1185","Local Extremist"
"1186","Lone Wolves of Radical, Autonomous, Militant National Socialism"
"1187","Lord's Resistance Army (LRA)"
"1188","Lorenzo Zelaya Revolutionary Front (LZRF)"
"1189","Loyalist Volunteer Forces (LVF)"
"1190","Loyalists"
"1191","Lufa Tribesmen"
"1192","Luhansk People's Republic"
"1193","Luis Boitel Commandos"
"1194","LW"
"1195","M-19 (Movement of April 19)"
"1196","M-5"
"1197","M-7"
"1198","M23"
"1199","Ma'sadat al-Mujahideen"
"1200","Maasai"
"1201","Mabanese Defence Forces"
"1202","Macedonian nationalists"
"1203","Macheteros"
"1204","Macina Liberation Front (FLM)"
"1205","Madhesh Mukti Sangram (MMS)"
"1206","Madhesi Mukti Tigers (MMT)"
"1207","Madhesi People's Rights Forum (MPRF)"
"1208","Madhesi Virus Killers"
"1209","Mafia"
"1210","Magahat Militia"
"1211","Mahan Madhesh Janakantri Party (MMJP)- Nepal"
"1212","Mahaz Fedai Tahrik Islami Afghanistan"
"1213","Mahaz-e-Milli Islami Afghanistan"
"1214","Mahdaviyat"
"1215","Mahdi Army"
"1216","Mahir Cayan Suicide Group"
"1217","Mai Mai Bakata Katanga Militia"
"1218","Mai Mai Malaika Militia"
"1219","Mai Mai Manu Militia"
"1220","Mai Mai Mazembe Militia"
"1221","Mai Mai Yakutumba Militia"
"1222","Majerten clansmen"
"1223","Makhachkala Gang"
"1224","Male supremacists"
"1225","Malitia-Pro Govt"
"1226","Manipur Naga People's Army (MNPA)"
"1227","Mano Blanca"
"1228","Manuel Jose Arce Commando"
"1229","Manuel Rodriguez Patriotic Front (FPMR)"
"1230","Maoist Communist Center (MCC)"
"1231","Maoist Communist Party (MKP)"
"1232","Maoist Communist Party of Manipur"
"1233","Maoists"
"1234","Maori"
"1235","Mapuche Ancestral Resistance (RAM)"
"1236","Mapuche extremists"
"1237","Marhan Clan"
"1238","Mariano Moreno National Liberation Commando"
"1239","Martyrs of Saad Sayel"
"1240","Martyrs of Tell Al-Zaltar"
"1241","Martyrs revenge organization"
"1242","Marwan Al-Qawasimi and Amir Abu-Ayshah Group"
"1243","Marxist Resistance Movement"
"1244","Marxist-Leninist Armed Propaganda Unit"
"1245","Marxists"
"1246","Masada, Action and Defense Movement"
"1247","Maskini Liberation Front"
"1248","Massive escape"
"1249","Matan Abdulle"
"1250","Mateo Morral Insurrectionist Commandos"
"1251","Maute Group"
"1252","Maximiliano Gomez Revolutionary Brigade"
"1253","Maximiliano Hernandez Martinez Brigade"
"1254","May 15 Organization for the Liberation of Palestine"
"1255","May 19 Communist Order"
"1256","May-98"
"1257","Mayi Mayi"
"1258","Medellin Drug Cartel"
"1259","Meibion Glyndwr"
"1260","Meinhof-Puig-Antich Group"
"1261","Meitei extremists"
"1262","Merille Militia"
"1263","Mesopotamian Army (MEZOR)"
"1264","Mexican Revolutionary Movement"
"1265","Mikhail Kaltezas Anarchist Organization"
"1266","Milicias Rodriguistas"
"1267","Militant Forces Against Huntingdon"
"1268","Militant Minority (Greece)"
"1269","Militant Peasants (NFI)"
"1270","Militants"
"1271","Military Council for the True Liberation of Albania"
"1272","Military Council of the Tribal Revolutionaries (MCTR)"
"1273","Military Liberation Front of Colombia"
"1274","Militia Members"
"1275","MILPAS Contras"
"1276","Miners"
"1277","Minorities of Metropolitan Attacks"
"1278","Miscreants"
"1279","Miskito Indian Organization"
"1280","Misrata Brigades"
"1281","Misseriya Arab Tribesmen"
"1282","Misurasata Indian Organization"
"1283","Misurata Rebels"
"1284","Mizo National Front"
"1285","Mlada Bosna"
"1286","Mob"
"1287","Modakeke Ethnic Activists"
"1288","Modakeke Ethnics"
"1289","Mohajir National Movement"
"1290","Mombasa Republican Council (MRC)"
"1291","Mon Guerrillas"
"1292","Mon Insurgents"
"1293","Montoneros (Argentina)"
"1294","Montoneros Patria Libre"
"1295","Morazanist Front for the Liberation of Honduras (FMLH)"
"1296","Mormon Extremist"
"1297","Moro Ghuraba"
"1298","Moro Islamic Liberation Front (MILF)"
"1299","Moro National Liberation Front (MNLF)"
"1300","Moslem Activists"
"1301","Moslem opponents of Gemayel"
"1302","Motherland Party"
"1303","Mouhajiroune Brigade"
"1304","Mousa Ismail sub-clan"
"1305","Movement for Democratic Change (MDC)"
"1306","Movement for Oneness and Jihad in West Africa (MUJAO)"
"1307","Movement for Rebuilding Fatah"
"1308","Movement for the Actualization of the Sovereign State of Biafra (MASSOB)"
"1309","Movement for the Emancipation of the Niger Delta (MEND)"
"1310","Movement for the Protection of Jerusalem"
"1311","Movement for the Restoration of the Independence of Southern Cameroons"
"1312","Movement for the Supremacy of Reason"
"1313","Movement of Democratic Forces of Casamance"
"1314","Movement of Islamic Action of Iraq"
"1315","Movement of Niger People for Justice (MNJ)"
"1316","Movement of the Islamic State (MEI)"
"1317","Movement of the Revolutionary Left (MIR) (Bolivia)"
"1318","Movement of the Revolutionary Left (MIR) (Chile)"
"1319","Movement of the Revolutionary Left (MIR) (Peru)"
"1320","Movimiento Revolucionario Alfarista (MRA) - Comuneros Montanas del Ecuador"
"1321","Mozambique Liberation Front (FRELIMO)"
"1322","Mozambique National Resistance Movement (MNR)"
"1323","Mozambique Rightest Rebels"
"1324","Mujahedeen Army"
"1325","Mujahedeen Corps in Iraq"
"1326","Mujahedeen Shura Council"
"1327","Mujahedeen Shura Council in the Environs of Jerusalem"
"1328","Mujahedin Kompak"
"1329","Mujahedin-e Khalq (MEK)"
"1330","Mujahideen Ansar"
"1331","Mujahideen Islam Pattani"
"1332","Mujahideen Kashmir"
"1333","Mujahideen Youth Movement (MYM)"
"1334","Mujahidin Ambon"
"1335","Mujahidin Indonesia Timur (MIT)"
"1336","Mukhtar Army"
"1337","Mungiki Sect"
"1338","Murle Tribe"
"1339","Muslim Brotherhood"
"1340","Muslim Demonstrators"
"1341","Muslim extremists"
"1342","Muslim Fundamentalists"
"1343","Muslim Guerrillas"
"1344","Muslim Liberation Front"
"1345","Muslim Militants"
"1346","Muslim Rebels"
"1347","Muslim Separatists"
"1348","Muslim United Army (MUA)"
"1349","Muslims"
"1350","Muslims Against Global Oppression (MAGO)"
"1351","Mustafa al-Hujairi Group"
"1352","Mutahida Majlis-e-Amal"
"1353","Muttahida Qami Movement (MQM)"
"1354","Mwakenya Dissident Movement"
"1355","Naga People"
"1356","Naga Students Federation"
"1357","Najd Province of the Islamic State"
"1358","Najib Watan Party Faction"
"1359","Nalut Group"
"1360","Nandi Tribe"
"1361","Narco-Terrorists"
"1362","National Accord Movement"
"1363","National Anti Communist Commando"
"1364","National Army for the Liberation of Uganda (NALU)"
"1365","National Awami Party"
"1366","National Committee Against Independence (CNCI)"
"1367","National Committee for the Restoration of Democracy and State (CNRDR)"
"1368","National Congress for the Defense of the People (CNDP)"
"1369","National Council for Defense of Democracy (NCDD)"
"1370","National Council for Revival and Democracy (CNRD)"
"1371","National Council of Maubere Resistance"
"1372","National Defense Youth Corps"
"1373","National Democratic Alliance Army (NDAA-ESSA)"
"1374","National Democratic Alliance of Sudan"
"1375","National Democratic Front of Bodoland (NDFB)"
"1376","National Democratic Front-Bicol (NDF-Bicol)"
"1377","National Democratic Party"
"1378","National Front Against Tigers (NFAT)"
"1379","National Front for the Liberation of Belgium"
"1380","National Front for the Liberation of Cuba (FLNC)"
"1381","National Front Security Service"
"1382","National Integration Front (FIN)"
"1383","National Liberation Army (Ecuador)"
"1384","National Liberation Army (Nepal)"
"1385","National Liberation Army (NLA) (Macedonia)"
"1386","National Liberation Army (Peru)"
"1387","National Liberation Army of Colombia (ELN)"
"1388","National Liberation Force of Bengalis (Bangali Janamukti Bahini)"
"1389","National Liberation Front (Ecuador)"
"1390","National Liberation Front (FNL) (Burundi)"
"1391","National Liberation Front (NLF-Syria)"
"1392","National Liberation Front of Provence (FLNP)"
"1393","National Liberation Front of Tripura (NLFT)"
"1394","National Liberation Movement Party"
"1395","National Liberation People's Front (FPLN)"
"1396","National Liberation Union"
"1397","National Movement Against the Mahgreb Invasion"
"1398","National Movement of Iranian Resistance"
"1399","National Movement of Revolutionaries (MNR)"
"1400","National Movement of Soldiers in Shirts"
"1401","National Organization of Cypriot Fighters (EOKA)"
"1402","National Patriotic Front of Liberia (NPFL)"
"1403","National People's Party (Rashtriya Janata Dal - RJD)"
"1404","National Redemption Front"
"1405","National Republican Alliance Party"
"1406","National Republican Movement for Democracy and Development (MRND)"
"1407","National Revolution"
"1408","National Revolutionary Front"
"1409","National Salvation Forces Organization"
"1410","National Socialist Council of Nagaland"
"1411","National Socialist Council of Nagaland-Isak-Muivah (NSCN-IM)"
"1412","National Socialist Council of Nagaland-Khaplang (NSCN-K)"
"1413","National Union for the Total Independence of Angola (UNITA)"
"1414","National United Front for an Independent, Neutral, Peaceful, and Cooperative Cambodia (FUNCINPEC)"
"1415","Nationalist Intervention Group"
"1416","Natsionalnyi Druzhiny"
"1417","Naxalites"
"1418","Nazhdak Radical Public Organization"
"1419","Nazi Boerestat Party"
"1420","Nduma Defense of Congo (NDC)"
"1421","Neo-Fascist extremists"
"1422","Neo-Nazi extremists"
"1423","Nepal Defense Army"
"1424","Nepalbad Party"
"1425","Nestor Paz Zamora Commission (CNPZ)"
"1426","New Armenian Resistance"
"1427","New Jewish Defense League"
"1428","New Partisans Movement"
"1429","New Patriotic Party (NPP)"
"1430","New People's Army (NPA)"
"1431","New Revolutionary Alternative (NRA)"
"1432","New Revolutionary Popular Struggle (NELA)"
"1433","New World Liberation Front (NWLF)"
"1434","New Year's Gang"
"1435","Nicaraguan Counter Revolutionaries (group unk)"
"1436","Nicaraguan Democratic Force (FDN)"
"1437","Nicaraguan Resistance"
"1438","Niger Delta Avengers (NDA)"
"1439","Niger Delta extremists"
"1440","Niger Delta Greenland Justice Mandate (NDGJM)"
"1441","Niger Delta Justice Defense Group (NDJDG)"
"1442","Niger Delta Liberation Force (NDLF)-Nigeria"
"1443","Niger Delta People's Volunteer Force (NDPVF)"
"1444","Niger Delta Vigilante (NDV)"
"1445","Nihilistic Patrol and Neighborhood Arsonists"
"1446","Nihilists Faction"
"1447","Ninjas"
"1448","Nordic Resistance Movement"
"1449","November 17 Revolutionary Organization (N17RO)"
"1450","November 21 Organization"
"1451","Nuclei Communist Combattants"
"1452","Nucleus of Fighting Communists"
"1453","Nucleus of the Armed Struggle"
"1454","Nur-al-Din al-Zinki Movement"
"1455","NVF"
"1456","Nyatura Militia"
"1457","OAS-MRP"
"1458","Oct-80"
"1459","October 11 Group"
"1460","October Third Movement"
"1461","Odessa Underground"
"1462","Odua Peoples' Congress (OPC)"
"1463","Ogaden National Liberation Front (ONLF)"
"1464","Oglaigh na hEireann"
"1465","Ohabi Islamic Sect"
"1466","Okba Ibn Nafaa Brigade"
"1467","Omar Bin Khattab Group"
"1468","Omar Torrijos Commando for Latin American Dignity"
"1469","Omega-7"
"1470","Opossition 48 hour general strikers"
"1471","Opposition Group"
"1472","Opposition Jatiya Samajtantrik Del Party"
"1473","Opposition Militants"
"1474","Orange Volunteers (OV)"
"1475","Orde Boerevoik"
"1476","Organizacion Democratica Nacionalista (ORDEN)"
"1477","Organization 544"
"1478","Organization Alliance of Cuban Intransigence"
"1479","Organization for Purging the Majlis (Parliament)"
"1480","Organization for Revolutionary Self Defense"
"1481","Organization for the Defense of Detainees Rights"
"1482","Organization of Arab Fedayeen Cells"
"1483","Organization of Avenging Palestinian Youth"
"1484","Organization of Mujahadin of Islam"
"1485","Organization of Soldiers of the Levant"
"1486","Organization of the Sons of Occupied Territories"
"1487","Organization of Volunteers for the Puerto Rican Revolution"
"1488","Organized Comrades for Feminist Counter-Power"
"1489","Organized Crime"
"1490","Orly Organization"
"1491","Oromo Liberation Front"
"1492","Overall Deniers of Joining the Existing"
"1493","Pacifist and Ecologist Committee"
"1494","Pagan Sect of the Mountain"
"1495","Pakistani People's Party (PPP)"
"1496","Palestine Liberation Organization (PLO)"
"1497","Palestinian Activists"
"1498","Palestinian Extremists"
"1499","Palestinian Hezbollah"
"1500","Palestinian Islamic Jihad (PIJ)"
"1501","Palestinian Revolution Forces"
"1502","Palestinian Students"
"1503","Palestinian support group"
"1504","Palestinians"
"1505","Pan Africanist Congress (PAC)"
"1506","Panama Defense Force"
"1507","Panthic Committee"
"1508","Paraguayan People's Army (EPP)"
"1509","Paramilitaries"
"1510","Pareci Indians"
"1511","Partido Marxista-Leninista ng Pilipinas (PMLP)"
"1512","Partisan Sharpshooters"
"1513","Party for the Liberation of the Hutu People (PALIPEHUTU)"
"1514","Party Unity"
"1515","Pataxo Indians"
"1516","Pathan Tribal Group"
"1517","Patria Nueva (New Country)"
"1518","Patriotic Europeans against the Islamization of the West (PEGIDA)"
"1519","Patriotic Ginbot 7 Movement for Unity and Democracy (PGMUD)"
"1520","Patriotic Liberation Front"
"1521","Patriotic Morazanista Front (FPM)"
"1522","Patriotic Moroccan Front"
"1523","Patriotic Resistance Front in Ituri (FRPI)"
"1524","Patriotic Union of Kurdistan (PUK)"
"1525","Pattali Makkal Katchi (PMK)"
"1526","Pattani United Liberation Organization (PULO)"
"1527","Pattani United Liberation Organization-MKP (PULO-MKP)"
"1528","Paupa New Guinea Troops"
"1529","Peace at Home Council"
"1530","Peasant protesters"
"1531","Peasant Self-Defense Group (ACCU)"
"1532","Peasant Squatters"
"1533","Pedro Albizu Campos Revolutionary Forces"
"1534","Pedro Leon Arboleda (PLA)"
"1535","People Against Gangsterism and Drugs (PAGAD)"
"1536","People's Alliance"
"1537","People's Amn Committee"
"1538","People's Army (Myanmar)"
"1539","People's Army (Nicaragua)"
"1540","People's Brigade For A Healthy Genetic Future"
"1541","People's Committee against Police Atrocities (PCPA)"
"1542","People's Defense Unit (Turkey)"
"1543","People's Democratic Army"
"1544","People's Democratic Party (PDP)"
"1545","People's Fatherland Movement"
"1546","People's Guerrilla Front"
"1547","People's Liberation Army (India)"
"1548","People's Liberation Forces (FPL)"
"1549","People's Liberation Front (JVP)"
"1550","People's Liberation Front of India"
"1551","People's Liberation Organization of Tamil Eelam"
"1552","People's Militia of Dagestan"
"1553","People's Protection Units (YPG)"
"1554","People's Revolutionary Army (ERP) (El Salvador)"
"1555","People's Revolutionary Command (CRP)"
"1556","People's Revolutionary Militias (MRP)"
"1557","People's Revolutionary Movement (MRP)"
"1558","People's Revolutionary Organization"
"1559","People's Revolutionary Party of Kangleipak (PREPAK)"
"1560","People's Revolutionary Party of Kangleipak-Progressive (PREPAK-P)"
"1561","People's Sovereignty Party (PDR)"
"1562","People's Temple"
"1563","People's United Democratic Movement (PUDEMO)"
"1564","People's United Liberation Front (PULF)"
"1565","People's War Group (PWG)"
"1566","Peronist Armed Forces (FAP)"
"1567","Pessach Group"
"1568","Phalange"
"1569","Phineas Priesthood"
"1570","Pirates"
"1571","Pokot extremists"
"1572","Policarpa Salauarpieta (Women's Command)"
"1573","Polisario Front"
"1574","Political Activists"
"1575","Political Group"
"1576","Politico-Military Revolutionary Command"
"1577","Poor People's Party"
"1578","Popular Anti-Communist Militias"
"1579","Popular Army for the Restoration of Democracy (APRD)"
"1580","Popular Army Vanguards- Battalions of Return"
"1581","Popular Forces of April 25"
"1582","Popular Front for the Liberation of Palestine (PFLP)"
"1583","Popular Front for the Liberation of Palestine, Gen Cmd (PFLP-GC)"
"1584","Popular Front for the Renaissance of the Central African Republic (FPRC)"
"1585","Popular Liberation Army (EPL)"
"1586","Popular Liberation Army (Puerto Rico)"
"1587","Popular Liberation Front Urban Commando"
"1588","Popular Militia (Colombia)"
"1589","Popular Mobilization Forces (Iraq)"
"1590","Popular Movement for the Liberation of Angola"
"1591","Popular Movement for the Liberation of Cabinda"
"1592","Popular Rage"
"1593","Popular Resistance (Laiki Antistasi)"
"1594","Popular Resistance Committees"
"1595","Popular Resistance Committees (Yemen)"
"1596","Popular Resistance Front (FPR)"
"1597","Popular Resistance Movement (Egypt)"
"1598","Popular Resistance Sabotage Group"
"1599","Popular Revolutionary Action"
"1600","Popular Revolutionary Army (Mexico)"
"1601","Popular Revolutionary Bloc (BPR)"
"1602","Popular Revolutionary Movement (Italy)"
"1603","Popular Will (Greece)"
"1604","Porattom"
"1605","Portuguese Anti-Communist Movement"
"1606","Portuguese Liberation Army"
"1607","Poverty Brigade"
"1608","Powers of the Revolutionary Arc"
"1609","Pragatishil Tarai Mukti Morcha"
"1610","Presidential Movement (MP) Militiamen"
"1611","Prima Linea"
"1612","Prisoner  Gourgen Yanikian Group"
"1613","Pro Hartal Activists"
"1614","Pro-Aristade"
"1615","Pro-Government Students"
"1616","Pro-Indonesia extremists"
"1617","Pro-Iraqi Terrorists"
"1618","Pro-Khasbulaton Rebels"
"1619","Pro-LGBT Rights extremists"
"1620","Pro-Palestinian extremists"
"1621","Pro-Russia Militia"
"1622","Pro-State Militiamen"
"1623","Professional Killers"
"1624","Progressive Socialist Party (PSP)"
"1625","Proletarian Armed Squads"
"1626","Proletarian Assault Group"
"1627","Proletarian Combatants for Communism"
"1628","Proletarian Initiative and Offensive for W. Europe"
"1629","Proletarian Nuclei for Communism"
"1630","Proletarian Nucleus"
"1631","Proletarian Patrols"
"1632","Proletarian Revolutionary Action Front (FRAP)"
"1633","Proletarian Solidarity"
"1634","Proletariat Self-defense Groups"
"1635","Prolitarian Internationalism"
"1636","Protestant extremists"
"1637","Protesters"
"1638","Provisional National Government of Vietnam"
"1639","Provisional RSPCA"
"1640","Puerto Rican Armed Resistance"
"1641","Puerto Rican Nationalists"
"1642","Puerto Rican Resistance Movement"
"1643","Puerto Rican Revolutionary Movement"
"1644","Puka Inti Maoist Communist Party"
"1645","Punitive Leftist Front"
"1646","Puratchi Puligal"
"1647","Purbo Banglar Communist Party"
"1648","Qaddafi loyalists"
"1649","Quartermoon Society"
"1650","Quintin Lame"
"1651","Radicals"
"1652","Rafallah al-Sahati Brigade"
"1653","Rahanwein Resistance Army (RRA)"
"1654","Raia Mutomboki Militia"
"1655","Rajput extremists"
"1656","Ramiro Ledesma Social Centre"
"1657","Ramzi Nahra Martyr Organization"
"1658","Ranbir Sena"
"1659","Random Anarchists"
"1660","Rashtriya Swayamsevak Sangh"
"1661","Raskamboni Movement"
"1662","Rastas"
"1663","Rastriya Janashakti Party (RJP)"
"1664","Raul Ernesto Cruz Leon, Salvadorian"
"1665","Real Irish Republican Army (RIRA)"
"1666","Real Ulster Freedom Fighters (UFF) - Northern Ireland"
"1667","Rebel Armed Forces of Guatemala (FAR)"
"1668","Rebel Military Unit"
"1669","Rebellious Group Lambros Foundas"
"1670","Rebels"
"1671","Recompras"
"1672","Recontras"
"1673","Red Army Faction (RAF)"
"1674","Red Army for the Liberation of Catalonia"
"1675","Red Brigades"
"1676","Red Dawn Front (Frente Amanecer Rojo)"
"1677","Red Egbesu Water Lions"
"1678","Red Flag"
"1679","Red Flag (Venezuela)"
"1680","Red Guard"
"1681","Red Guerilla Family"
"1682","Red Hand Defenders (RHD)"
"1683","Red June of 14 June"
"1684","Red Revolutionary Front"
"1685","Red Scorpion"
"1686","Red Sea Afar Democratic Organization (RSADO)"
"1687","Red Tribune"
"1688","Reform of the Armed Forces Movement"
"1689","Republic of New Afrika"
"1690","Republic of Texas"
"1691","Republican Action Against Drugs (RAAD)"
"1692","Republican Action Force"
"1693","Republican Anticlerical Group"
"1694","Residents and regulars of Exarchia"
"1695","Resistance Movement of the Union of Revolt Workers"
"1696","Resistance to the Rule of Law in Burundi (Red-Tabara)"
"1697","Resistencia Galega"
"1698","Resistenza"
"1699","Resistenza Corsa"
"1700","Retired Soldier"
"1701","Return, Reclamation, Rehabilitation (3R)"
"1702","Revenge Movement"
"1703","Revenge of the Martyrs (Tha'ir al-Shuhada)"
"1704","Revenge of the Trees"
"1705","Revolted Persons of the Polytech School"
"1706","Revolutionary Action"
"1707","Revolutionary Action Front"
"1708","Revolutionary Action Groups"
"1709","Revolutionary Action of Liberation"
"1710","Revolutionary Action Organization of the Arab Resistance Front"
"1711","Revolutionary Action Party"
"1712","Revolutionary Anarchist Armed Terrorist Movement"
"1713","Revolutionary Anti-Racist Action"
"1714","Revolutionary Armed Forces of Colombia (FARC)"
"1715","Revolutionary Armed Forces of Colombia (FARC) dissidents"
"1716","Revolutionary Armed Forces of Nicaragua (FARN)"
"1717","Revolutionary Armed Forces- Argentina (FAR-A)"
"1718","Revolutionary Bolivariano Movement 200"
"1719","Revolutionary Cells"
"1720","Revolutionary Cells (Argentina)"
"1721","Revolutionary Cells Network (SRN)"
"1722","Revolutionary Cells-Animal Liberation Brigade"
"1723","Revolutionary Combat Brigades"
"1724","Revolutionary Commandos of Solidarity"
"1725","Revolutionary Commandos of the People (CRP)"
"1726","Revolutionary Committee for Counter Force"
"1727","Revolutionary Communist Centre (RCC)"
"1728","Revolutionary Communist League (LCR) (Spain)"
"1729","Revolutionary Continuity"
"1730","Revolutionary Coordination of the Masses"
"1731","Revolutionary Force 26"
"1732","Revolutionary Force 9"
"1733","Revolutionary Force Seven"
"1734","Revolutionary Front for an Independent East Timor (FRETILIN)"
"1735","Revolutionary Front for Hatian Advancement and Progress (FRAPH)"
"1736","Revolutionary Insurgent Armed Forces of Ecuador (FAIRE)"
"1737","Revolutionary Internationalist Solidarity"
"1738","Revolutionary Labor Organization"
"1739","Revolutionary Leninist Brigades"
"1740","Revolutionary Liberation Action (Epanastatiki Apelevtherotiki Drasi) - Greece"
"1741","Revolutionary Movement for National Salvation (REMNASA)"
"1742","Revolutionary Nuclei"
"1743","Revolutionary Organization of People in Arms (ORPA)"
"1744","Revolutionary Organization of Socialist Muslims"
"1745","Revolutionary Patriotic Anti-Fascist Front (FRAP)"
"1746","Revolutionary People's Struggle (ELA)"
"1747","Revolutionary Peoples Army"
"1748","Revolutionary Perspective"
"1749","Revolutionary Popular Left"
"1750","Revolutionary Proletarian Army"
"1751","Revolutionary Punishment Movement"
"1752","Revolutionary Security Apparatus"
"1753","Revolutionary Solidarity"
"1754","Revolutionary Struggle"
"1755","Revolutionary Student Brigade"
"1756","Revolutionary United Front (RUF)"
"1757","Revolutionary Vanguard"
"1758","Revolutionary Violence Units"
"1759","Revolutionary Workers Party"
"1760","Revolutionary Workers Party of Bolivia (PRTB)"
"1761","Revolutionary Workers' Council (Kakurokyo)"
"1762","Rhodesian guerillas"
"1763","Ricardo Franco Front (Dissident FARC)"
"1764","Right Sector"
"1765","Right Wing Vigilantes"
"1766","Right-Wing Death Squad"
"1767","Right-wing extremists"
"1768","Right-Wing Group"
"1769","Right-Wing Paramilitaries"
"1770","Rightist supporters of Democratic Alliance"
"1771","Rival Activists"
"1772","Rival Afghan Group"
"1773","Rival Bangledesh Chhatra League Faction"
"1774","Rival caste"
"1775","Rival Parts"
"1776","Rival peasant band"
"1777","Rival Soccer Clubs"
"1778","Rival Zulu Group, name not stated"
"1779","Riyadus-Salikhin Reconnaissance and Sabotage Battalion of Chechen Martyrs"
"1780","Rizvon Sadirov Group"
"1781","Rodolfo Walsh National Command"
"1782","Rodrigo Franco Command"
"1783","Rohingya extremists"
"1784","Rohingya Solidarity Organization"
"1785","ROSADO-SOTO Command"
"1786","Rote Zora"
"1787","Rubicon (Rouvikonas)"
"1788","Runda Kumpulan Kecil (RKK)"
"1789","Russian Militia"
"1790","Russian separatists"
"1791","Rwanda Patriotic Front (RPF)"
"1792","Rwenzururu Rebels"
"1793","RYF"
"1794","S. O. S. France"
"1795","S14"
"1796","Sabaot Land Defense Force (SLDF)"
"1797","Sabaot tribesmen"
"1798","Saharan Revolutionary Armed Front (FARS)"
"1799","Saif-ul-Muslimeen"
"1800","Salafi Abu-Bakr al-Siddiq Army"
"1801","Salafia Jihadia"
"1802","Salafist Group for Preaching and Fighting (GSPC)"
"1803","Salah al-Din Squad"
"1804","Samyukta Janatantrik Terai Mukti Morcha (SJTMM)"
"1805","Samyukta Jatiya Mukti Morcha (SJMM)"
"1806","Samyukta Terai Madhes Mukti Party"
"1807","Sanaa Province of the Islamic State"
"1808","Sanatan Sanstha"
"1809","Sandinist People's Army (EPS)"
"1810","Sandinista National Liberation Front (FSLN)"
"1811","Sandinista Protester"
"1812","Sandinistas"
"1813","Sanidila Secessionist Movement"
"1814","Saraya Waad Allah"
"1815","Sardinian Autonomy Movement"
"1816","Sasna Tsrer"
"1817","Saudi Hezbollah"
"1818","Savane Pistache gang"
"1819","Save Kashmir Movement"
"1820","Save Our Israel Land"
"1821","Save Uganda Movement"
"1822","Sayfullakh"
"1823","Schiedam Youth Front"
"1824","Scottish National Liberation Army"
"1825","Seattle Liberation Front"
"1826","Secessionists"
"1827","Secret Anti-Communist Army (ESA)"
"1828","Secret Cuban Government"
"1829","Secret Organization Zero"
"1830","Sect of Revolutionaries (Greece)"
"1831","Seiji Kesha Kokuyukai"
"1832","Seikijuku"
"1833","Seleka"
"1834","Separatist Clandestine Organization"
"1835","Separatists"
"1836","September 11 Commandos"
"1837","Serb demonstrators"
"1838","Serbian extremists"
"1839","Serbian Gangsters"
"1840","Serbian guerrillas"
"1841","Serbian irregulars"
"1842","Serbian Nationalists"
"1843","Serbian rebels"
"1844","Serbs"
"1845","Ses'khona Peoples' Rights Movement"
"1846","Shabwah Province of the Islamic State"
"1847","Shamil Group"
"1848","Shamiya Front"
"1849","Shan State Army - South (SSA-S)"
"1850","Shan State Progressive Party"
"1851","Shangytown residents"
"1852","Shanti Bahini - Peace Force"
"1853","Shanty Dwellers"
"1854","Sharivad 17 Tal-Al-Za'atar(Sept 17 Tal-Al-Za'atar)"
"1855","Sharp Sword Organization"
"1856","Shaykh Hassan Khalid Forces"
"1857","Shaykh Subhi Al-Salih Forces"
"1858","Sheikh Omar Hadid Brigade"
"1859","Shia Muslim extremists"
"1860","Shield of Islam Brigade"
"1861","Shining Path (SL)"
"1862","Shinwari Tribe"
"1863","Shiv Sena"
"1864","Shuar extremists"
"1865","Shura Council of Benghazi Revolutionaries"
"1866","Shura Council of Mujahideen in Derna"
"1867","Shutdown G20: Take Hamburg offline!"
"1868","Sicarii"
"1869","Sikh Extremists"
"1870","Simon Bolivar Guerrilla Coordinating Board (CGSB)"
"1871","Sinai Province of the Islamic State"
"1872","Sindh Liberation Front"
"1873","Sindhi nationalists"
"1874","Sindhu Desh Liberation Army (SDLA)"
"1875","Sindhudesh Revolutionary Army (SRA)"
"1876","Sinhalese Extremists"
"1877","Sinhalese Militants"
"1878","Sipah-e-Sahaba/Pakistan (SSP)"
"1879","Sipah-I-Mohammed"
"1880","Sisters in Arms"
"1881","Skinheads"
"1882","Slum Dwellers"
"1883","Smugglers and Elephant Poachers"
"1884","Social Resistance"
"1885","Socialist Patients' Collective (SPK)"
"1886","Socialist Recovery Movement"
"1887","Socialist-Nationalist Front (SNF)"
"1888","Soldiers of the Algerian Opposition"
"1889","Soldiers of Truth"
"1890","Solidarist Resistance Movement"
"1891","Solidarity with imprisoned members of Action Directe (AD)"
"1892","Somali Gang"
"1893","Somali Guerrillas"
"1894","Somali Islamic Front"
"1895","Somali National Alliance"
"1896","Somali National Movement"
"1897","Somali Patriotic Movement"
"1898","Somozists"
"1899","Sons of Liberty"
"1900","Sons of Zouari"
"1901","Soskan tribe"
"1902","South East Antrim Brigade"
"1903","South Group (Russia)"
"1904","South Moluccans"
"1905","South Ossetian Separatists"
"1906","South Sudan Liberation Army (SSLA)"
"1907","South-West Africa People's Organization (SWAPO)"
"1908","Southern Front"
"1909","Southern Mobility Movement (Yemen)"
"1910","Southern Yemen Separatists"
"1911","Sovereign Citizen"
"1912","Spanish Armed Group"
"1913","Spanish Basque Battalion (BBE) (rightist)"
"1914","Spanish Falange"
"1915","Spanish International Communist Party"
"1916","Squatters"
"1917","St. Kitts Nevis Labor Party"
"1918","Stop the War Coalition"
"1919","Strike Enforcers"
"1920","Strikers"
"1921","Student Demonstrators"
"1922","Student Front of the People"
"1923","Student Militants"
"1924","Student Radicals"
"1925","Students"
"1926","Students for a Democratic Society"
"1927","Students for a Democratic Society (SDS) (German)"
"1928","Students For Insurrection"
"1929","Students Islamic Movement of India (SIMI)"
"1930","Subversives"
"1931","Sudan Liberation Army-Minni Minawi (SLA-MM)"
"1932","Sudan Liberation Movement"
"1933","Sudan People's Liberation Army (SPLA)"
"1934","Sudan People's Liberation Movement - North"
"1935","Sudan People's Liberation Movement in Opposition (SPLM-IO)"
"1936","Sudan Revolutionary Front (SRF)"
"1937","Sudanese People's Liberation Forces"
"1938","Suicide Squad"
"1939","Sunni Muslim extremists"
"1940","Sunni Resistance Committees in Lebanon (SRCL)"
"1941","Sunni Supporters"
"1942","Supporters of Abd Rabbuh Mansur Hadi"
"1943","Supporters of Ali Abdullah Saleh"
"1944","Supporters of Ex-President Gamsakhurdial"
"1945","Supporters of General Lino Oviedo"
"1946","Supporters of Joshua Nkomo"
"1947","Supporters of opposing candidate Abdu Sakurtan"
"1948","Supporters of ret. Gen. Lino Oviedo"
"1949","Supporters of Right and Freedom"
"1950","Supporters of Sultan Abd-al-Bagi"
"1951","Supporters of the Islamic State in Jerusalem"
"1952","Supporters of the Islamic State in the Land of the Two Holy Mosques"
"1953","Supporters Opposition Leader Etienne Tshisekedi"
"1954","Supporters, House Speaker Ramon Mitra"
"1955","Supreme Command for Jihad and Liberation"
"1956","Supreme Council for Islamic Revolution in Iraq (SCIRI)"
"1957","Suqour al-Ahvaz"
"1958","Suriname Liberation Front"
"1959","Survivors of Hama"
"1960","Swatantra Nepal Dal"
"1961","Sword of Islam"
"1962","Symbionese Liberation Army (SLA)"
"1963","Sympathizers of Al-Qaida Organization"
"1964","Syndicalist Action Groups"
"1965","Syrian Army deserters"
"1966","Syrian Democratic Forces (SDF)"
"1967","Syrian Social Nationalist Party"
"1968","Syrians"
"1969","Ta'ang National Liberation Army (TNLA)"
"1970","Tabu Tribe"
"1971","Taihikai (Great Sadness)"
"1972","Tajamo Ansar al-Islam"
"1973","Tajik Rebels"
"1974","Takfir wal-Hijra (Excommunication and Exodus)"
"1975","Taliban"
"1976","Taliban (Pakistan)"
"1977","Tamil Eelam Liberation Organization (TELO)"
"1978","Tamil Liberation Army"
"1979","Tamil Makkal Viduthalai Pulikal (TMVP)"
"1980","Tamil Nadu Liberation Army"
"1981","Tamils"
"1982","Tanzeem al-Islami al-Furqan"
"1983","Tanzim"
"1984","Tarok Militia"
"1985","Tawheed Militia"
"1986","Tawhid and Jihad"
"1987","Taxi Drivers"
"1988","Tayeb Al-Afghani's Islamist Group"
"1989","Tehama Movement"
"1990","Tehrik al-Mojahedin"
"1991","Tehrik-e-Galba Islam"
"1992","Tehrik-e-Hurriyat (TeH)"
"1993","Tehrik-e-Khilafat"
"1994","Tehrik-e-Nafaz-e-Shariat-e-Mohammadi (TNSM)"
"1995","Tehrik-e-Nifaz-e-Aman Balochistan-Jhalawan Brigade (TNAB-Jhalawan Brigade)"
"1996","Tehrik-e-Taliban Islami (TTI)"
"1997","Tehrik-e-Tuhafaz (Pakistan)"
"1998","Tehrik-i-Taliban Pakistan (TTP)"
"1999","Telangana Separatists"
"2000","Terai Army"
"2001","Terai Cobra"
"2002","Terai Communist Party"
"2003","Terai Janatantrik Madhes Party"
"2004","Terai Rastriya Mukti Sena (TRMS)"
"2005","Terra Lliure"
"2006","Territorial Communist Units"
"2007","Territorial Patrols of Anti-Fascist Vigilance"
"2008","Terror Against Terror"
"2009","Terrorists"
"2010","Thai Communists"
"2011","Thai Islamic Militants"
"2012","Thanthai Periyar Dravidar Kazhagam (TPDK)"
"2013","Tharuhat Joint Struggle Committee (TJSC)"
"2014","The Association for Islamic Mobilisation and Propagation (UAMSHO)"
"2015","The Black Sun"
"2016","The Extraditables"
"2017","The Great Serpent"
"2018","The Husayn Ubayyat Martyrs' Brigades"
"2019","The Independent Military Wing of the Syrian Revolution Abroad"
"2020","The Inevitables"
"2021","The Irish Volunteers"
"2022","The Islamic Movement"
"2023","The Islamic Revolution to Liberate Palestine"
"2024","The Jean Marc Rouillan Armed and Heartless Columns"
"2025","The Joint Revolutionary Council"
"2026","The Justice Department"
"2027","The Nation's Army"
"2028","The New Irish Republican Army"
"2029","The Nocturnals"
"2030","The Northern Alliance (or United Islamic Front for Salvation of Afghanistan - UIFSA)"
"2031","The Order (Silent Brotherhood)"
"2032","The Order II (Bruder Schweigen Strike Force II)"
"2033","The Organization for the Return of Legality"
"2034","The Owners of the White Flags"
"2035","The Revolt"
"2036","The Scorpion"
"2037","The Third Way (Der III. Weg)"
"2038","The Unit of the Chemical Weapons Martyrs"
"2039","The United Revolutionary Front of Bhutan"
"2040","The World United Formosans for Independence (WUFI)"
"2041","Tibetan separatists"
"2042","Ticuna Indian"
"2043","Tigers"
"2044","Timorese Students"
"2045","Togolese Dissidents"
"2046","Togolese Peoples Rally"
"2047","Tonino Micciche Workers Nucleus"
"2048","Tontons Macoutes"
"2049","Tony El Pelou Band"
"2050","Toposa and Dongiro Tribes"
"2051","Torpedy Group"
"2052","Tribal Battlefront"
"2053","Tribal Group"
"2054","Tribal guerrillas"
"2055","Tribal Separatists"
"2056","Tribesmen"
"2057","Tribesmen Murad Tribe"
"2058","Tribesmen, al-Itada"
"2059","Trieu Dai Viet"
"2060","Tripoli Province of the Islamic State"
"2061","Tripoli Revolutionaries Battalion"
"2062","Tripura Group"
"2063","Tripura National Volunteers (TNV)"
"2064","Tripura Nationalists"
"2065","Tritiya Prastuti Committee (TPC)"
"2066","Tuareg extremists"
"2067","Tuareg Guerrillas"
"2068","Tupac Amaru Revolutionary Movement (MRTA)"
"2069","Tupac Katari Guerrilla Army (EGTK)"
"2070","Tupamaro Revolutionary Movement"
"2071","Tupamaros (Uruguay)"
"2072","Turkestan Islamic Party"
"2073","Turkish Communist Party/Marxist (TKP-ML)"
"2074","Turkish Hezbollah"
"2075","Turkish Islamic Commandos"
"2076","Turkish Islamic Jihad"
"2077","Turkish People's Liberation Army"
"2078","Turkish People's Liberation Front (TPLF)(THKP-C)"
"2079","Turks of Western Thrace"
"2080","Tutsi extremists"
"2081","Twa Militia"
"2082","Tyrolean Defense League"
"2083","U/I Asian Gang"
"2084","U/I Catholic Traditionalists"
"2085","U/I Islamic Separatists"
"2086","U/I Liberian Gunmen"
"2087","U/I Liberians"
"2088","U/I Snipers"
"2089","U/I Somali Militiamen"
"2090","Uganda Federal Army"
"2091","Uganda Freedom Movement (UFM)"
"2092","Uganda People's Army"
"2093","Ugandan Rebels"
"2094","Uighur Separatists"
"2095","Ujjan Tribe"
"2096","Ukrainian Insurgent Army"
"2097","Ukrainian nationalists"
"2098","Ulster Freedom Fighters (UFF)"
"2099","Ulster Volunteer Force (UVF)"
"2100","Umar al-Mukhtar Martyr Forces"
"2101","Umbane People's Liberation Army (Swaziland)"
"2102","Ummah Liberation Army"
"2103","Unidad Militar Bolivariana"
"2104","Unification Army Sons Brigade"
"2105","Unified Workers Command"
"2106","Union for Peace in Central Africa (UPC)"
"2107","Union Guerrera Blanca (UGB)"
"2108","Union members"
"2109","Union of Congolese Patriots (UPC)"
"2110","Union of Forces for Democracy and Development (UFDD)"
"2111","Union of Patriots for the Defense of Innocents (UPDI)"
"2112","Union of Peoples and Organizations of the State of Guerrero (UPOEG)"
"2113","Union of Revolutionary Communists in Turkey (TIKB)"
"2114","Union of the People (UDP)"
"2115","Union of the Peoples of the Arabian Peninsula"
"2116","Union Parishad"
"2117","United Achik Liberation Army (UALA)"
"2118","United Action Council"
"2119","United Arab Revolution"
"2120","United Aryan Empire"
"2121","United Baloch Army (UBA)"
"2122","United Bengali Liberation Front (UBLF)"
"2123","United Democratic Front (UDF)"
"2124","United Democratic Madhesi Front (UDMF)"
"2125","United Freedom Front (UFF)"
"2126","United Front for Democracy Against Dictatorship"
"2127","United Front for Nigeria's Liberation (UFNL)"
"2128","United Gorkha People's Organization (UGPO)"
"2129","United Janatantrik Terai Mukti Morcha (U-JTMM)"
"2130","United Jihad Council"
"2131","United Liberation Front of Assam (ULFA)"
"2132","United Liberation Movement for Democracy in Liberia (ULIMO)"
"2133","United Liberation Torchbearers Forces"
"2134","United National Liberation Front (UNLF)"
"2135","United National Liberation Front of WESEA (UNLFW)"
"2136","United National Party"
"2137","United Nicaraguan Opposition"
"2138","United Party for National Development (UPND)"
"2139","United People's Democratic Front (UPDF) - Bangladesh"
"2140","United People's Democratic Solidarity (UPDS)"
"2141","United Popular Action Front (FAPU)"
"2142","United Popular Action Movement"
"2143","United Reformation Protest of India"
"2144","United Revolutionary Front"
"2145","United Self Defense Units of Colombia (AUC)"
"2146","United Somali Congress"
"2147","Universal Liberation Front"
"2148","Universal Proutist Revolutionary Federation"
"2149","Unknown"
"2150","Up the IRS, Inc"
"2151","Urban Guerrillas"
"2152","Urhobo Gbagbako"
"2153","Urhobo Revolutionary Army"
"2154","Valais Group Against Hydro-Rhone"
"2155","Vandalicia Teodoro Suarez"
"2156","Vanguard of Red Youth (AKM)"
"2157","Vanguards of the Caliphate"
"2158","Venceremos"
"2159","Veterans United for Non-Religious Memorials"
"2160","Vetevendosje"
"2161","Vietnamese Organization to Exterminate Communists and Restore the Nation"
"2162","Vietnamese Refugees"
"2163","Vigilante Group"
"2164","Vigorous Burmese Student Warriors"
"2165","Village League"
"2166","Villagers"
"2167","Vincente Mecha Revolutionary Christians"
"2168","Vishwa Hindu Parishad (VHP)"
"2169","Volunteers of Innocent People of Nagas (VIPN)"
"2170","Vulkangruppe NetzHerrschaft zerreissen"
"2171","Vyborg Brigade"
"2172","Wahhabi Movement"
"2173","Waltraud Boock Group"
"2174","We Who Built Sweden"
"2175","Weather Underground, Weathermen"
"2176","Weichan Auka Mapu"
"2177","Welsh Extremists"
"2178","White Guard"
"2179","White Legion (Ecuador)"
"2180","White Legion (Georgia)"
"2181","White Liberation Army"
"2182","White Panther Party"
"2183","White Rabbit Three Percent Illinois Patriot Freedom Fighters Militia"
"2184","White supremacists/nationalists"
"2185","White Wolves"
"2186","Wild Freedom"
"2187","Wild Individualities"
"2188","Wit Kommando"
"2189","Women's Protection Units (YPJ)"
"2190","Worker Autonomy, Continuous Struggle"
"2191","Workers Brigade for Communism"
"2192","Workers' Self-Defense Movement (MAO)"
"2193","Workers/Employees"
"2194","Working People's Alliance (WPA)"
"2195","Wrath of Olives"
"2196","Yakariya Bango Insurgent Group"
"2197","Yarmouk Martyrs Brigade"
"2198","Yatama"
"2199","Yazidi extremists"
"2200","Yekbun"
"2201","Yokoku Seiwa-Kai"
"2202","Young Brigade of Navarro"
"2203","Young Communist League"
"2204","Young Cuba"
"2205","Young Liberators of Pattani"
"2206","Youth Action Group"
"2207","Youth Movement for the Total Liberation of Azawad"
"2208","Youth of Islamic Awakening"
"2209","Youth of the Land of Egypt"
"2210","Youths"
"2211","Zaghawa extremists"
"2212","Zagros Eagles"
"2213","Zapatista National Liberation Army"
"2214","Zarate Willka Armed Forces of Liberation"
"2215","Zebra killers"
"2216","Zehri Youth Force (ZYF)"
"2217","Zeliangrong United Front"
"2218","Zero Tolerance"
"2219","Zetas"
"2220","Zimbabwe African Nationalist Union (ZANU)"
"2221","Zimbabwe African People's Union"
"2222","Zimbabwe Patriotic Front"
"2223","Zimbabwe People's Army (ZIPA)"
"2224","Zulu Militants"
